HR,SpO2
81,93
72,93
70,93
91,95
64,95
83,94
82,95
71,97
89,93
53,97
81,96
69,94
78,95
52,97
65,100
81,94
82,95
81,97
74,97
65,95
73,94
75,96
84,94
86,93
84,98
77,96
69,97
63,99
79,93
63,95
70,99
86,93
82,93
72,97
78,95
85,95
77,92
74,97
76,94
77,93
63,98
89,94
75,96
71,97
83,96
101,93
65,93
78,93
65,93
83,97
90,95
61,99
42,92
85,94
89,97
69,99
67,95
60,94
68,91
65,97
68,96
72,96
68,100
79,95
71,94
65,96
67,96
85,92
71,100
82,97
68,95
80,92
79,95
87,98
68,93
80,96
83,94
72,100
88,96
80,92
73,92
97,95
73,95
66,93
80,96
80,94
93,91
54,97
61,94
98,97
61,97
71,95
78,99
76,96
52,94
90,93
62,96
75,97
82,93
67,97
72,96
75,95
70,94
66,98
76,92
79,92
93,91
79,92
79,94
75,96
74,95
69,95
99,95
83,94
99,98
75,92
70,90
75,97
66,96
71,95
70,93
67,98
63,95
75,91
77,97
75,94
93,91
80,93
77,97
86,91
69,95
65,97
48,95
68,93
70,98
71,98
82,95
75,95
75,95
78,92
81,93
90,90
67,96
50,100
59,96
73,97
85,94
94,95
69,96
67,95
85,99
65,93
73,94
65,97
71,94
50,97
75,92
88,91
68,96
81,97
88,97
84,93
80,91
98,91
79,92
79,95
89,98
72,97
77,95
99,95
63,97
70,95
87,92
72,93
78,92
76,94
62,91
92,90
74,95
85,95
63,96
66,94
72,100
61,94
78,93
90,91
66,92
87,94
67,95
58,93
76,98
63,97
73,96
66,98
69,96
74,96
84,96
78,93
76,97
83,93
78,88
98,95
85,94
68,97
81,93
73,96
72,97
88,95
68,95
90,95
72,97
88,93
113,93
82,94
69,95
78,99
73,97
54,99
72,95
90,96
67,96
78,93
93,95
70,97
69,96
74,96
54,97
90,92
75,97
102,85
79,97
86,94
72,95
59,90
72,92
62,99
84,93
51,97
60,99
88,89
73,95
81,94
83,93
53,98
71,95
70,98
77,93
67,94
67,97
74,93
73,93
69,94
59,96
89,90
93,94
82,95
71,93
53,98
74,94
71,90
76,96
84,94
69,96
76,94
72,94
84,94
88,93
89,91
75,91
82,91
93,96
68,94
77,96
61,94
88,92
84,97
69,99
67,96
83,93
67,96
68,95
66,95
67,91
85,94
77,91
78,97
86,95
85,95
64,95
76,95
86,92
98,92
68,96
73,93
71,92
72,96
58,96
74,93
57,94
62,97
84,95
67,94
62,95
82,95
63,94
75,95
77,94
84,92
72,94
72,94
71,98
80,94
54,96
75,96
71,95
69,100
71,97
73,95
63,95
82,96
70,92
70,95
83,92
69,96
73,93
66,100
79,92
74,96
82,91
89,95
88,96
69,96
76,94
62,95
61,94
61,97
82,92
71,94
59,93
70,93
80,95
77,95
79,92
88,91
65,93
80,91
75,94
90,96
86,96
81,95
87,94
79,94
71,93
75,91
89,92
78,94
82,94
75,95
59,97
74,93
72,95
61,98
51,97
79,94
79,98
74,98
61,97
75,96
81,94
75,97
69,96
80,94
82,93
74,96
68,96
87,98
77,97
87,92
72,98
74,96
78,94
72,92
73,93
87,95
64,98
85,94
81,94
74,97
65,96
79,92
86,94
61,99
79,94
67,94
66,96
69,98
78,90
76,95
59,92
81,97
79,95
88,93
97,90
54,96
65,94
74,95
80,91
74,95
87,95
59,99
66,92
52,97
89,92
71,96
67,95
84,89
84,92
73,95
81,98
74,92
69,93
79,93
74,96
80,93
73,95
75,95
61,96
76,97
75,93
83,92
90,95
68,97
74,96
71,95
76,96
70,95
83,96
87,94
70,96
60,96
63,95
77,93
82,96
91,92
57,99
82,96
59,96
72,91
78,96
66,95
61,94
79,93
94,90
85,96
60,99
67,96
77,93
69,93
82,96
76,95
76,93
76,96
75,96
88,89
63,100
63,93
49,94
65,94
85,97
74,98
56,96
74,98
62,95
78,89
74,94
85,95
77,92
80,96
71,96
78,93
81,95
77,98
73,97
63,98
62,96
76,96
55,94
86,94
88,95
86,94
92,94
65,95
77,96
84,93
75,92
79,94
87,98
91,91
51,99
68,97
75,99
68,94
93,96
89,92
60,97
75,98
81,96
84,88
96,91
71,94
74,99
70,93
72,94
90,98
78,95
81,97
85,98
72,94
69,93
88,95
59,98
85,95
76,94
83,94
72,99
66,99
69,96
55,97
69,100
81,95
84,98
75,95
84,97
68,98
66,93
80,91
70,94
85,93
84,97
82,95
71,96
88,92
75,95
80,95
60,96
80,96
80,92
73,96
93,90
79,95
58,94
96,95
75,93
69,94
74,93
80,96
78,93
63,93
68,94
76,94
61,93
73,94
73,95
74,93
72,91
92,95
64,95
85,97
79,95
75,93
78,94
76,96
85,95
82,97
81,96
85,96
72,97
66,96
67,94
74,95
71,93
77,91
72,98
77,91
63,94
55,94
71,92
88,96
75,95
73,93
82,93
67,95
68,97
62,94
52,94
52,98
78,95
71,95
88,93
66,98
74,97
85,93
91,93
87,94
69,97
81,98
87,94
61,98
98,91
48,94
74,99
69,93
68,97
85,93
72,96
101,95
66,94
84,94
63,98
75,97
63,98
79,93
84,93
72,97
81,93
89,97
69,95
68,94
60,99
68,93
65,98
64,98
84,92
82,95
79,94
79,89
82,97
87,92
62,93
79,99
56,96
81,95
76,89
80,96
90,94
85,94
81,98
90,93
89,98
70,95
67,98
61,95
85,95
71,95
82,97
76,94
88,94
81,95
81,93
72,98
77,95
73,97
75,93
78,93
77,92
76,94
80,92
62,96
72,97
70,94
86,93
72,95
83,94
69,100
54,96
92,93
55,98
61,93
73,92
71,99
68,94
82,91
58,97
83,96
90,96
77,95
75,93
68,94
71,95
69,92
82,93
75,96
89,95
92,94
67,95
92,94
65,97
57,93
87,94
65,92
92,97
61,100
67,95
85,93
81,93
78,96
80,91
72,97
74,93
64,96
85,93
77,97
72,95
65,93
64,99
71,94
86,92
66,90
74,97
60,93
70,94
73,93
78,97
82,94
92,91
66,97
67,99
90,95
73,97
91,94
81,99
71,92
78,91
76,94
74,94
92,93
86,95
82,97
91,95
62,97
74,91
76,95
76,93
79,92
84,93
73,94
84,96
73,92
79,96
96,95
83,91
68,97
79,93
79,97
82,94
61,96
88,90
80,96
70,91
89,95
67,92
83,97
68,96
94,91
73,97
68,95
71,94
72,95
61,96
65,94
69,94
83,95
85,93
79,89
68,96
97,92
85,90
54,97
77,92
68,92
61,94
68,93
88,94
78,96
67,93
59,94
75,96
81,94
72,96
88,93
76,90
76,95
77,94
71,93
68,93
77,98
80,92
52,96
77,95
102,92
67,94
72,96
78,90
61,98
71,97
61,94
65,96
87,93
55,99
76,97
76,94
73,94
81,93
84,97
86,96
73,95
91,91
77,94
68,94
56,94
91,94
67,95
79,95
65,91
54,100
80,95
71,93
78,93
81,93
80,95
65,94
67,98
81,93
80,99
77,96
73,95
95,99
75,94
80,92
70,95
77,94
81,96
79,96
66,97
79,94
79,94
60,94
75,92
67,97
78,93
61,94
67,94
75,96
70,94
78,91
65,97
98,96
68,97
69,93
78,96
53,96
82,96
72,93
73,96
66,91
65,96
91,95
80,94
85,94
55,92
87,99
95,93
74,94
81,96
67,95
82,94
76,94
79,94
79,93
66,96
87,94
77,94
75,95
80,93
57,97
82,91
74,97
78,91
79,95
98,94
84,96
47,96
85,88
74,98
71,96
87,92
63,94
83,94
81,92
83,96
74,92
72,91
86,94
70,93
65,96
91,93
67,97
68,98
64,94
98,93
68,98
80,95
81,95
65,97
69,96
70,92
91,95
61,98
68,99
80,91
84,94
72,95
70,95
92,95
86,95
75,97
69,96
71,100
93,96
71,97
80,94
64,96
104,93
65,96
76,96
86,95
77,94
81,97
64,94
80,94
79,94
79,91
76,99
69,95
82,92
80,93
85,94
82,97
61,96
71,94
64,93
59,95
69,96
88,98
72,95
73,97
69,96
74,100
110,98
107,94
80,94
70,95
61,93
81,93
79,93
78,97
76,94
71,97
89,95
80,94
71,95
78,93
59,98
72,98
80,97
76,94
77,93
82,99
76,94
91,94
88,95
73,95
66,99
58,96
82,95
74,96
74,97
89,96
80,91
79,95
74,93
63,93
70,93
80,94
90,96
63,96
60,95
71,98
74,98
79,98
70,94
70,98
67,96
88,96
48,99
79,93
89,95
90,94
69,97
73,95
57,96
81,91
74,93
67,94
61,97
90,95
83,94
76,92
70,96
45,95
69,92
75,94
85,95
77,95
62,96
77,92
72,96
75,97
73,96
84,94
73,97
79,95
79,93
63,100
63,95
65,95
83,96
69,97
70,94
80,96
66,98
75,97
83,94
71,94
78,93
70,94
84,91
83,96
75,96
72,96
81,90
63,93
65,96
64,97
75,96
78,94
90,92
60,95
96,93
72,96
76,95
59,94
89,91
72,95
88,93
86,93
85,94
93,91
77,95
78,98
88,98
84,93
56,96
83,94
67,96
91,93
78,94
81,99
79,96
74,95
80,94
73,98
85,96
62,95
76,96
65,95
70,97
71,96
68,95
86,94
81,94
81,97
79,94
82,95
64,94
83,94
55,95
66,97
64,95
74,95
63,96
67,91
96,91
82,91
89,97
67,97
82,98
66,97
69,96
78,96
73,99
66,94
90,92
65,98
84,94
68,93
76,97
78,95
61,94
74,95
75,94
70,98
68,98
68,96
96,92
87,96
78,93
53,100
69,93
83,92
64,94
81,94
84,95
86,93
65,99
79,94
67,96
78,92
79,98
91,93
75,94
84,94
52,98
58,94
61,94
68,94
55,96
67,93
77,94
61,97
70,97
56,98
76,92
80,90
81,99
89,96
76,97
87,94
80,94
76,93
96,91
57,94
69,97
88,92
68,96
80,94
68,96
70,96
76,93
70,93
63,93
90,92
71,97
89,96
63,95
82,95
96,92
66,98
80,98
90,95
62,99
64,96
69,95
73,92
78,95
82,95
93,91
64,96
98,95
71,94
60,94
71,95
70,100
100,95
75,96
100,92
85,92
63,95
85,92
83,92
64,98
75,94
96,93
78,93
73,95
60,92
82,91
84,96
75,92
80,96
85,94
89,94
97,95
62,95
80,99
91,95
80,96
78,100
68,92
58,96
72,96
73,97
78,96
89,91
86,96
93,95
68,97
74,97
66,96
92,91
62,98
77,96
68,92
93,93
71,96
69,96
69,94
68,93
90,89
78,94
91,92
62,98
83,94
78,96
77,96
84,94
80,93
84,93
68,95
82,95
69,93
80,91
69,98
82,98
63,99
73,94
72,100
81,96
65,97
79,96
80,95
63,99
80,94
81,95
71,95
52,98
64,95
75,93
82,94
91,92
72,98
89,95
75,94
55,96
75,93
72,98
88,95
85,95
77,94
69,97
74,93
83,95
66,98
79,91
72,92
66,95
81,92
64,97
79,93
60,94
90,94
72,97
75,94
67,98
77,94
76,92
71,94
62,97
66,98
81,99
67,97
90,94
83,97
70,94
68,93
86,93
62,95
89,94
76,90
74,94
85,92
72,96
78,96
63,96
68,98
77,94
79,98
80,95
78,92
85,91
72,93
71,100
89,93
73,94
82,95
75,99
84,95
74,94
85,92
78,91
69,93
72,98
89,92
78,96
88,94
84,92
71,93
100,95
82,94
79,95
73,97
62,99
68,97
69,96
47,97
91,94
90,96
71,95
67,95
73,97
90,93
79,98
60,97
71,93
82,91
84,94
65,94
67,94
83,93
66,99
67,97
84,97
69,97
71,91
82,93
88,95
80,96
76,97
106,89
81,92
82,94
68,91
71,90
99,94
65,96
75,98
64,95
84,95
74,96
81,95
63,100
62,98
64,92
87,95
90,95
81,97
81,94
81,92
72,94
65,96
68,97
67,93
81,92
73,98
81,93
70,92
81,96
50,98
67,100
76,93
83,96
76,96
82,94
81,92
73,93
85,97
79,97
78,92
76,94
78,94
83,91
86,96
72,96
76,91
67,95
77,96
81,96
72,97
74,93
87,96
60,97
88,96
66,94
67,97
83,90
70,95
65,97
77,94
83,94
73,97
63,95
92,96
67,98
60,97
65,98
81,92
83,96
61,98
91,93
71,95
68,93
65,95
72,100
64,92
68,95
65,96
73,96
80,98
76,95
86,92
80,94
64,97
60,92
66,93
52,95
85,94
68,95
75,97
69,95
68,95
66,98
99,92
93,93
90,95
91,95
81,94
64,96
88,95
82,94
58,97
56,98
88,94
66,97
75,96
65,95
63,98
87,93
75,98
69,91
87,94
58,96
68,91
68,97
69,96
64,95
88,94
88,93
79,96
70,98
78,95
56,92
85,91
61,94
69,93
67,95
75,93
77,97
76,97
71,96
90,89
90,95
80,96
66,99
64,95
89,97
91,96
79,89
87,97
62,93
70,92
88,95
99,95
70,97
90,94
82,92
88,94
71,98
84,94
101,93
75,96
73,92
47,97
61,93
66,95
74,98
72,95
64,96
67,99
87,91
86,91
53,95
69,93
88,93
85,94
67,97
74,95
89,92
84,94
77,95
76,97
70,96
67,95
86,90
89,94
74,96
79,94
54,95
69,93
80,92
80,98
74,94
68,94
91,94
78,95
82,95
102,94
90,94
84,94
74,97
81,95
67,93
59,95
73,95
77,96
87,93
76,92
65,97
79,90
59,94
81,95
80,94
76,91
81,96
84,95
89,97
80,95
76,96
87,94
73,97
77,97
97,96
73,91
92,96
96,93
73,96
92,95
68,96
65,94
62,97
83,94
72,94
74,94
64,99
65,99
66,96
73,97
74,94
72,95
72,93
74,96
70,94
67,98
75,91
77,97
72,96
73,96
62,95
55,96
85,93
66,95
85,92
70,96
67,96
68,95
78,94
64,99
82,96
83,97
82,93
79,97
66,97
70,96
72,97
88,93
64,95
97,95
75,96
69,96
71,97
82,96
74,95
76,93
82,94
86,97
86,95
62,97
64,98
83,94
59,95
92,93
79,98
67,97
78,95
60,94
68,96
71,95
67,96
58,97
49,97
82,94
91,91
74,94
85,95
74,96
85,95
64,98
73,98
78,97
59,95
67,97
84,92
84,94
60,98
75,95
64,96
91,90
70,97
67,91
77,96
84,92
73,96
77,92
45,98
82,94
100,95
60,98
93,95
70,94
62,95
75,91
88,94
76,98
90,98
81,95
73,98
77,95
83,94
73,97
91,93
63,96
68,93
84,96
69,95
84,95
80,91
69,97
82,97
82,96
64,95
76,95
72,96
85,93
87,95
78,95
91,90
85,99
78,90
88,98
69,98
81,96
84,94
73,95
69,96
58,94
65,97
75,95
75,94
75,94
80,95
85,92
77,91
83,90
82,94
67,94
96,93
66,96
68,100
85,96
72,96
73,94
74,92
91,94
76,98
67,93
58,95
74,96
71,94
61,96
64,96
79,97
102,95
69,94
66,100
70,96
73,95
78,94
69,94
85,93
77,96
68,99
56,95
56,99
83,93
83,94
72,97
94,93
52,97
76,95
80,93
66,92
75,95
73,98
72,95
63,95
68,96
75,94
83,95
75,92
80,95
88,93
76,94
61,93
71,96
63,95
81,98
73,93
64,90
78,94
87,100
56,98
75,95
86,96
91,96
60,98
73,92
72,95
72,95
64,98
50,95
89,95
80,94
75,97
78,95
71,94
59,98
72,92
70,92
61,99
64,97
68,96
73,97
86,91
66,92
70,95
63,98
77,96
53,99
76,94
76,90
77,92
89,95
77,91
70,92
84,92
70,95
66,93
81,91
57,96
62,97
57,97
70,95
68,97
59,97
76,93
70,100
61,99
60,91
73,94
78,95
72,92
68,92
83,97
76,91
85,92
80,96
66,94
69,97
76,94
68,96
74,97
80,93
55,95
57,95
103,92
81,92
78,94
59,96
90,94
71,96
79,93
77,91
51,96
78,93
77,94
77,95
79,96
79,95
62,98
50,95
68,95
64,93
77,95
68,93
88,92
67,98
73,99
87,95
69,95
56,94
73,96
80,94
78,98
72,95
90,95
50,98
82,97
75,94
71,94
70,92
53,97
73,95
90,94
59,96
58,95
75,94
77,97
81,96
73,93
70,95
70,97
81,94
81,93
88,94
57,95
81,99
60,94
92,94
52,99
82,95
86,94
72,100
76,94
83,89
93,91
87,96
68,95
70,92
72,96
74,99
70,97
77,93
62,93
77,93
69,97
70,97
77,92
79,99
64,95
68,95
60,96
76,95
62,95
68,96
79,95
80,100
83,93
91,93
77,91
71,93
78,95
68,94
74,96
54,97
66,95
69,94
75,94
78,99
66,95
71,95
81,93
59,94
85,97
81,91
59,97
63,99
80,90
79,97
91,91
81,96
68,95
61,94
76,94
74,95
57,100
79,94
76,93
66,92
65,98
69,94
73,93
83,94
57,97
56,100
80,93
82,93
78,96
81,92
71,98
93,93
66,95
76,93
80,93
70,97
60,94
54,95
55,97
86,95
77,96
66,92
65,93
91,92
86,92
87,94
72,95
69,96
81,95
89,93
65,96
87,95
72,94
80,93
70,96
77,93
66,94
60,96
85,95
70,92
62,96
73,91
57,99
85,94
76,96
82,96
69,96
78,95
65,93
66,94
80,92
79,96
72,95
81,95
96,96
82,97
74,94
76,97
56,94
63,93
81,97
91,91
68,93
70,95
68,98
88,97
80,96
76,93
64,95
78,99
88,96
95,96
87,92
52,94
71,98
85,92
71,93
83,93
71,93
92,95
94,92
75,92
77,94
86,95
72,96
85,92
58,94
72,94
70,96
84,91
72,95
86,93
68,93
86,89
78,93
77,93
94,96
66,95
87,92
68,95
91,94
63,97
68,95
86,96
58,95
75,96
75,96
88,91
87,95
79,93
73,94
61,96
78,94
60,95
78,92
56,98
75,95
79,94
65,94
75,93
64,93
70,97
77,97
96,95
96,93
88,93
79,94
79,97
77,92
83,97
63,96
70,92
71,92
57,96
70,93
74,94
72,94
73,94
78,97
80,95
80,98
95,94
66,94
85,96
74,95
70,94
71,96
62,94
63,96
69,96
92,89
64,96
90,94
88,90
69,95
79,95
81,94
88,93
79,92
89,95
81,93
76,94
74,97
71,96
74,94
66,89
79,97
77,94
80,94
70,96
80,94
67,92
75,97
70,94
64,96
71,91
79,94
73,91
62,99
74,92
79,94
71,95
71,93
57,97
76,95
61,95
62,99
81,98
92,91
69,95
66,97
65,95
77,92
91,95
65,98
84,92
86,95
74,95
74,94
85,92
73,95
68,94
84,97
73,97
63,97
87,89
83,95
70,94
86,95
65,97
67,94
79,95
90,94
52,99
93,93
64,95
69,94
75,97
75,94
66,98
78,94
65,100
68,94
58,96
76,94
92,94
77,93
72,99
84,95
93,96
72,96
100,93
62,96
73,95
86,95
62,94
75,96
79,96
65,99
77,93
78,95
60,94
75,93
86,98
79,92
98,90
76,96
88,92
65,93
74,94
63,98
65,96
68,96
82,94
89,96
95,96
80,98
75,92
86,93
80,91
86,96
80,96
68,95
83,98
89,93
59,92
72,97
74,91
85,93
85,96
80,98
66,98
62,98
95,91
74,95
80,95
88,95
84,90
91,94
72,97
74,92
76,94
90,95
49,99
86,93
65,95
71,97
62,96
72,93
79,93
68,96
60,94
83,93
76,97
68,94
89,96
71,95
84,96
89,98
70,96
74,92
79,92
79,98
74,95
58,95
64,98
81,95
93,92
80,96
90,93
64,94
97,92
64,98
53,95
83,97
77,93
53,95
68,92
83,95
74,94
79,93
72,93
67,97
83,95
59,92
85,95
68,96
60,95
79,94
61,97
86,96
74,94
96,96
65,97
79,95
63,98
88,96
77,94
73,91
82,97
75,94
91,93
75,99
76,97
71,93
76,92
64,96
76,95
81,94
80,97
77,94
69,94
86,93
92,95
69,98
74,95
82,94
85,96
72,95
92,97
61,97
107,90
74,96
72,95
73,93
79,95
57,95
80,97
34,96
83,93
79,94
57,94
81,92
71,93
64,97
77,92
92,89
51,97
73,99
79,94
92,93
70,95
63,93
69,96
88,94
69,96
80,95
61,95
69,98
80,94
81,93
80,96
84,90
86,94
75,98
63,97
71,94
74,93
76,95
81,95
67,98
54,94
73,95
63,93
71,97
84,93
74,95
87,95
73,96
61,98
89,93
65,97
82,92
74,95
72,95
59,98
93,92
64,97
74,97
80,95
62,98
74,92
68,95
73,96
74,94
70,93
75,96
78,96
77,95
95,92
76,97
41,97
81,95
73,93
81,98
74,92
88,92
96,93
68,92
74,93
68,97
82,94
74,95
92,95
47,98
72,94
75,93
64,94
62,97
61,94
86,93
70,98
66,98
75,98
77,95
82,94
71,99
89,95
70,95
88,96
59,97
80,94
83,93
72,94
54,96
77,96
71,98
57,96
94,94
85,90
80,93
72,94
68,96
84,92
60,95
86,94
74,94
70,94
78,95
76,98
94,97
72,92
55,96
77,96
90,96
66,93
71,96
55,96
78,94
89,98
77,92
72,94
75,95
75,94
70,95
70,96
63,95
71,96
77,95
81,93
84,96
72,92
64,91
76,97
66,95
69,97
60,95
89,94
85,95
90,93
78,94
66,99
87,95
74,94
89,96
71,94
86,95
61,99
83,95
79,96
62,95
80,95
76,94
87,98
81,96
70,96
67,94
78,96
72,96
73,96
76,94
76,95
74,95
81,92
80,93
97,97
71,95
81,96
67,96
58,96
85,97
98,92
76,92
65,96
81,95
74,97
68,96
82,94
78,92
71,95
95,94
75,92
91,91
73,99
83,93
73,93
90,89
66,98
65,96
84,95
64,96
85,92
73,98
88,93
75,95
74,96
71,96
70,91
55,99
73,97
88,94
91,97
64,98
68,93
98,97
72,95
81,96
79,99
82,95
60,95
74,94
66,93
81,94
69,94
82,95
71,94
58,97
68,96
70,95
79,97
98,92
78,92
71,96
75,92
60,92
80,92
58,96
79,92
78,95
66,95
73,98
65,94
101,93
71,96
88,95
75,95
68,96
80,96
69,94
91,97
77,97
73,98
69,95
93,91
80,93
72,95
64,96
58,97
61,95
81,94
84,95
87,90
84,96
77,91
77,97
79,94
70,97
66,94
71,95
48,96
81,96
60,99
87,93
59,98
72,94
69,95
79,98
68,98
85,92
90,95
84,94
80,95
78,94
81,95
87,94
74,98
66,92
76,96
72,95
76,95
70,94
62,94
73,92
78,95
65,97
76,95
72,95
67,98
55,96
79,92
75,95
83,96
73,97
65,97
86,94
80,92
58,95
71,94
88,93
93,89
74,91
75,95
88,95
62,100
73,94
72,96
63,96
57,99
80,93
69,95
70,96
57,96
61,96
87,93
97,89
91,97
69,95
82,96
62,95
58,95
73,95
59,92
65,94
76,95
84,94
65,98
61,94
73,93
82,93
47,99
68,95
75,95
81,93
81,94
73,98
81,94
74,95
85,94
69,99
74,96
100,91
81,94
91,96
82,96
73,92
80,95
52,100
73,97
68,93
96,96
80,95
71,93
84,95
65,96
87,95
63,94
81,93
60,96
75,97
79,92
81,96
58,94
68,95
82,95
82,94
70,92
77,95
85,94
79,93
86,93
106,92
75,97
55,94
63,97
75,95
67,94
73,96
90,94
76,94
76,94
95,89
74,100
73,96
68,95
81,93
53,98
92,91
66,96
75,95
84,94
62,95
60,95
84,93
73,96
86,95
79,92
80,92
56,99
76,95
63,94
59,96
64,97
92,88
84,94
89,92
77,94
92,90
82,95
77,91
62,94
83,95
80,99
53,95
82,94
64,96
94,94
52,95
84,93
75,99
85,94
92,91
83,95
84,95
78,94
70,94
79,95
83,95
66,96
95,94
68,96
88,92
74,95
70,95
52,97
66,94
66,97
66,95
83,98
64,96
76,96
74,93
79,93
88,90
78,92
85,89
86,98
86,91
79,96
76,93
77,97
93,94
69,98
73,95
88,92
67,94
66,95
73,93
65,94
65,96
80,93
78,95
74,95
69,94
83,94
81,96
69,93
78,93
82,98
81,97
81,96
70,95
61,95
70,93
73,96
89,92
72,95
85,92
79,94
71,93
74,96
67,93
77,99
70,95
83,91
74,96
78,94
81,96
83,96
89,93
97,95
73,92
83,95
55,92
91,94
86,92
78,94
62,97
87,93
81,92
75,93
90,94
70,96
71,94
88,93
80,95
73,93
50,95
68,97
75,95
69,98
75,95
65,95
60,96
70,95
100,94
80,98
90,93
72,93
97,91
59,99
76,92
88,93
78,93
61,94
80,93
58,96
70,94
75,96
72,94
85,95
76,92
58,95
73,96
77,97
59,98
68,93
78,93
70,93
67,98
59,100
80,95
74,96
75,97
89,92
94,94
76,93
61,98
97,91
59,95
65,97
63,98
67,94
68,95
87,95
70,95
59,94
89,94
62,95
65,96
69,97
87,94
52,97
92,94
75,96
68,98
72,96
82,95
86,94
82,94
58,98
63,95
68,96
73,96
89,93
84,94
73,91
66,93
69,93
73,94
71,92
54,98
63,96
76,99
88,96
71,91
76,95
71,98
90,94
72,94
86,91
68,93
88,91
68,96
78,95
71,95
75,95
87,95
71,98
73,100
76,92
90,90
66,97
69,100
84,94
67,95
89,90
82,95
57,96
77,94
88,91
69,100
79,95
62,98
74,95
66,94
95,95
96,95
71,99
86,95
58,97
64,96
79,92
85,94
86,95
83,95
68,97
82,95
72,94
67,95
73,91
80,95
82,92
83,98
68,93
69,94
65,94
69,95
76,99
83,97
70,95
71,96
72,97
81,92
84,97
55,95
59,96
70,95
82,97
76,97
65,93
61,96
79,94
83,96
77,97
72,96
84,90
74,94
77,92
80,93
81,95
84,92
84,93
72,95
59,98
50,93
71,96
77,96
90,92
78,93
70,94
65,96
80,93
71,93
65,96
62,96
75,95
66,95
62,97
85,93
71,95
70,94
71,96
74,92
59,96
57,96
77,95
73,96
79,93
75,95
52,96
55,98
89,92
71,97
70,95
63,94
84,92
64,93
84,99
78,94
76,98
87,97
69,95
68,93
68,93
76,96
86,92
74,98
89,90
66,96
61,96
84,94
66,96
91,96
45,98
72,94
74,95
75,94
90,94
74,95
81,96
72,98
71,96
82,91
96,92
69,96
97,94
62,97
60,94
70,94
94,94
75,97
70,96
82,97
78,94
65,95
73,93
79,92
75,97
83,95
82,96
84,96
76,92
68,96
87,91
66,100
84,94
64,100
88,96
68,95
80,94
70,94
64,91
92,94
82,95
77,96
88,92
77,94
99,94
77,93
65,97
80,95
47,94
61,93
72,94
98,92
85,91
75,96
82,95
81,97
71,94
101,91
82,94
75,97
78,93
69,91
67,92
102,90
75,97
56,98
79,97
75,97
82,93
93,94
86,92
70,98
96,95
71,96
74,96
75,92
77,92
85,96
86,92
79,93
76,94
77,93
72,98
76,95
68,96
85,97
98,99
89,89
79,94
82,95
71,95
78,96
75,98
78,93
60,94
68,94
75,91
71,95
77,92
82,97
67,96
70,94
77,91
71,98
84,92
65,95
87,98
80,93
91,94
76,94
81,95
82,94
74,97
78,94
83,92
99,94
63,96
80,97
88,93
63,97
73,91
62,98
70,95
61,95
80,99
74,92
49,98
55,93
72,98
58,96
89,94
80,94
59,96
50,97
79,95
74,95
72,97
62,98
98,89
62,97
95,90
67,95
90,95
62,93
69,96
77,97
74,95
79,95
67,94
67,97
65,96
74,97
68,94
62,94
54,99
82,96
66,99
75,93
72,96
68,99
67,94
75,95
89,94
87,94
80,92
71,97
82,94
60,98
85,95
94,97
82,95
52,99
92,95
63,94
61,93
51,99
86,97
91,96
75,94
60,96
73,93
91,94
62,94
58,93
68,98
102,93
81,92
82,95
72,94
74,99
62,94
83,94
67,96
73,96
91,94
61,96
82,94
73,97
80,95
73,90
87,94
82,96
78,98
68,95
86,92
62,97
96,92
66,96
83,94
86,94
71,98
65,96
81,97
73,96
62,97
72,93
86,93
77,95
90,94
81,93
97,93
90,94
70,94
59,94
78,94
76,92
77,93
75,92
64,96
50,98
89,94
95,87
70,97
80,99
76,93
67,93
73,93
69,99
71,95
77,96
74,92
79,94
58,95
78,96
88,96
80,93
65,95
79,99
72,96
63,96
76,96
59,93
55,95
76,93
65,94
83,92
74,93
86,97
64,97
57,96
81,93
69,97
58,95
59,96
91,97
59,96
78,92
81,93
67,94
76,95
79,94
60,96
71,95
95,92
96,94
84,94
79,93
68,93
81,95
57,96
65,92
81,93
80,92
63,95
57,100
76,95
53,96
75,95
75,96
80,92
74,97
69,96
71,96
74,94
64,96
63,96
75,94
103,95
71,99
66,95
71,95
88,92
87,97
73,92
61,95
65,96
75,94
88,93
81,96
62,96
60,95
74,97
100,94
72,95
68,96
83,95
62,96
73,91
69,96
57,95
86,92
66,98
63,96
70,99
84,97
73,91
95,92
87,94
66,97
76,91
81,92
80,92
103,93
86,94
90,96
79,97
72,95
77,95
70,95
76,93
58,95
68,90
62,97
80,96
78,92
80,94
84,91
67,97
91,93
87,94
73,93
76,93
94,91
54,98
78,97
77,94
85,94
91,91
86,96
66,93
76,93
70,98
81,93
91,90
83,94
66,94
109,91
69,95
73,92
71,96
63,94
71,94
51,95
74,94
78,93
77,95
75,93
86,93
71,92
80,94
61,99
46,97
66,94
99,93
65,94
63,99
97,92
50,98
69,94
92,91
65,94
60,97
79,99
83,94
78,95
66,95
86,92
80,96
80,96
69,100
75,98
88,95
79,94
83,91
91,94
70,96
69,97
75,99
80,98
79,95
53,97
90,93
66,96
79,95
72,92
84,91
61,97
76,95
68,93
62,94
101,94
87,93
52,99
56,99
76,96
62,97
60,99
62,97
65,94
77,94
61,93
66,92
83,95
83,92
76,97
65,95
78,93
84,92
76,94
70,94
63,93
69,97
82,92
68,95
55,97
90,94
73,95
79,91
86,95
62,98
85,92
88,92
79,93
67,97
75,97
85,93
74,96
74,95
80,94
81,99
78,98
89,94
70,93
85,91
70,92
64,91
63,98
70,96
83,94
77,97
81,93
78,100
84,99
85,91
70,93
87,93
88,95
70,96
66,93
59,98
79,96
75,91
80,94
62,95
91,91
54,96
81,97
76,97
75,96
79,96
76,95
84,91
81,95
95,96
61,97
71,95
98,94
78,94
90,93
74,96
89,92
68,94
73,95
82,94
70,95
79,96
78,93
76,94
92,94
74,92
82,90
78,98
56,96
74,92
80,92
65,98
81,96
76,92
82,93
69,94
56,95
81,93
88,93
71,96
86,98
95,93
64,97
73,91
78,95
64,92
77,92
77,98
69,96
78,95
61,94
90,93
63,97
78,95
77,94
81,94
64,97
70,94
83,96
51,93
67,95
61,98
72,99
67,92
57,99
85,96
86,90
65,92
70,91
67,93
84,96
70,96
69,93
68,95
88,94
80,92
67,93
76,93
86,93
79,97
71,95
50,98
86,97
84,93
66,98
76,97
70,95
79,94
87,92
87,92
76,94
89,93
94,90
83,92
72,93
91,94
67,93
79,93
71,97
88,96
72,98
75,93
87,95
94,92
76,95
79,95
90,95
89,93
78,93
70,98
73,93
81,95
95,93
80,93
61,96
87,94
64,94
58,95
77,93
61,93
80,92
73,95
72,95
64,93
69,96
83,94
60,98
77,96
82,97
82,94
66,94
73,94
83,95
72,92
81,92
81,93
80,95
72,95
65,95
69,97
79,94
80,98
60,99
72,91
79,96
80,92
76,93
80,91
77,95
59,96
90,90
74,93
69,95
71,96
73,98
61,96
83,97
79,92
61,95
75,94
86,93
76,96
72,96
80,96
77,95
78,93
76,95
74,96
66,95
68,97
84,99
95,91
83,95
46,100
60,96
69,96
73,91
82,95
67,94
69,95
73,94
72,95
74,90
68,96
85,91
65,96
58,100
87,95
71,97
72,94
90,95
77,95
85,97
72,97
71,96
64,94
89,97
81,96
47,96
84,95
83,94
85,91
78,96
101,91
80,94
69,98
65,96
66,98
77,98
87,97
63,94
82,97
56,97
92,92
91,94
73,94
62,94
80,93
88,95
61,94
77,93
75,91
65,91
59,95
67,95
101,94
68,97
81,93
74,94
91,94
73,92
74,97
82,91
82,93
69,97
75,93
84,95
68,95
84,91
81,98
62,92
68,93
67,95
61,94
63,93
75,93
64,96
85,95
88,96
67,97
62,99
89,92
91,94
72,94
79,95
75,93
63,97
79,96
85,92
79,93
78,97
69,97
63,98
80,93
77,89
74,95
106,91
85,91
66,94
84,94
85,93
74,95
86,93
74,92
68,98
78,91
77,91
75,94
76,93
58,93
75,98
65,96
81,93
75,94
75,96
75,95
89,98
82,94
71,92
73,97
86,94
68,96
80,94
74,96
75,95
84,92
81,94
80,91
77,97
82,94
90,93
78,94
75,98
63,96
69,95
62,99
83,94
76,94
62,94
75,95
91,92
77,94
74,96
76,94
62,95
89,95
77,95
70,96
80,97
90,95
72,96
77,95
64,95
70,95
55,96
70,98
61,99
60,94
77,94
86,97
66,93
68,92
79,96
78,93
74,95
66,94
75,94
91,93
79,92
73,99
71,96
80,92
77,94
73,95
79,93
72,94
84,97
65,96
58,95
61,95
94,90
81,99
73,94
80,100
62,95
82,91
68,98
107,90
45,99
72,95
81,92
77,94
93,92
70,94
74,96
77,94
93,97
81,95
74,98
75,91
89,93
67,94
74,99
77,94
84,93
59,95
92,97
49,99
84,94
54,97
83,91
70,97
80,90
78,93
75,94
64,97
85,95
79,90
84,93
61,94
81,92
64,95
56,95
75,90
82,93
85,97
81,96
91,91
74,100
104,91
54,95
71,98
58,96
77,93
73,93
72,90
70,99
87,98
65,96
61,91
67,95
77,90
57,97
78,94
78,95
78,96
87,96
81,94
78,97
70,93
84,94
66,95
74,91
92,96
84,94
69,97
66,95
88,89
73,92
66,95
51,99
72,94
56,95
62,96
81,95
78,99
82,92
64,95
80,95
70,96
71,95
95,91
70,92
71,93
67,96
80,94
90,92
71,93
80,96
76,95
60,98
60,97
57,96
67,94
80,90
61,95
71,97
84,98
69,95
65,97
74,95
80,93
60,95
60,91
81,95
83,95
73,95
78,93
49,94
64,95
85,94
83,94
62,92
67,95
70,100
67,92
88,93
76,94
71,97
75,94
73,95
77,97
73,95
85,95
92,92
91,93
74,88
82,93
52,96
89,93
71,93
75,93
75,92
72,95
60,98
74,95
97,94
73,99
90,90
83,92
78,94
73,95
67,96
66,96
61,94
63,96
68,95
81,94
70,95
72,97
87,94
88,93
73,93
56,100
76,95
71,92
78,92
80,96
72,97
73,95
61,95
71,96
75,96
71,94
73,92
72,97
80,93
84,94
56,96
83,96
74,98
61,98
73,93
79,92
51,97
87,91
76,94
62,97
68,93
69,94
73,96
77,94
76,96
74,99
90,93
84,96
74,95
74,97
74,93
70,94
72,95
63,97
72,98
68,98
79,97
80,95
69,98
86,98
64,95
81,89
83,97
76,96
65,97
90,89
81,90
65,90
67,95
73,95
75,94
72,91
76,90
64,95
76,93
76,91
62,92
66,95
58,97
87,96
72,96
98,96
65,97
73,94
51,93
73,93
90,91
73,95
85,91
65,94
71,93
76,91
75,96
94,91
81,92
88,93
68,95
84,96
64,96
88,95
62,93
83,96
70,96
68,99
60,92
61,96
81,96
75,95
76,94
75,95
90,94
77,95
64,97
75,97
73,95
82,97
84,95
76,98
90,93
74,96
68,94
70,96
69,95
88,97
53,95
85,91
70,97
72,96
73,96
71,94
86,92
88,93
76,100
82,96
80,93
69,95
68,94
85,94
77,93
65,98
77,96
68,95
76,91
66,94
79,95
91,90
58,100
79,97
46,97
71,95
76,96
79,98
78,92
74,91
67,96
73,91
71,94
79,94
96,94
85,95
84,97
73,95
72,92
79,97
71,94
65,93
83,91
70,94
73,98
64,98
66,90
77,92
87,97
71,96
87,94
77,92
73,93
72,94
89,96
78,96
70,96
76,94
81,91
57,97
68,96
83,97
88,94
83,95
77,95
88,94
69,95
69,98
71,94
93,92
82,95
60,94
68,97
93,94
90,93
79,97
75,94
67,97
62,97
65,95
60,97
62,95
86,96
66,96
77,93
81,93
75,94
88,90
69,96
81,92
62,98
75,93
57,95
61,95
67,97
73,93
51,95
50,97
73,95
69,98
100,94
88,93
76,97
70,96
75,96
69,96
79,93
58,99
69,93
87,91
90,96
82,95
85,92
91,97
68,95
75,96
73,96
63,94
57,96
58,96
72,96
54,94
83,93
66,98
78,94
79,94
88,95
59,98
95,95
77,95
69,100
86,94
75,98
72,97
88,97
83,90
64,96
75,97
65,98
70,97
71,94
71,94
56,96
69,96
78,96
78,99
69,97
82,97
60,99
86,95
71,94
68,93
88,94
75,93
84,96
69,92
88,90
75,94
67,95
76,95
63,95
70,95
73,97
60,97
82,97
72,95
81,95
81,93
60,97
65,98
103,91
75,95
79,94
91,93
78,87
65,94
87,95
76,93
77,96
88,95
64,95
64,93
75,95
81,94
77,97
88,93
74,95
78,100
72,99
69,94
78,94
76,94
82,93
73,94
71,96
66,94
68,90
97,95
79,93
96,90
83,92
73,96
89,94
64,97
90,91
71,95
73,96
59,93
66,96
54,96
67,94
50,100
70,92
81,94
81,95
91,92
77,92
87,93
101,94
73,95
81,95
82,94
66,95
72,93
63,95
71,97
78,98
67,96
79,97
89,98
72,97
74,93
73,94
73,94
73,96
83,96
80,92
80,93
99,94
79,92
76,90
70,95
72,96
93,94
83,99
81,95
75,93
87,94
70,96
53,98
71,98
61,97
67,94
73,94
79,98
80,95
81,94
72,99
75,91
82,97
64,97
91,92
68,97
57,94
53,95
78,99
72,93
71,96
77,94
92,94
62,93
73,96
67,94
63,95
66,92
70,96
93,93
83,91
69,94
74,93
86,91
66,94
87,88
74,97
79,93
74,98
83,94
63,94
74,97
68,95
75,94
61,96
76,96
72,94
89,95
45,99
68,94
75,96
93,90
67,97
62,94
73,94
81,98
71,95
65,95
73,92
75,94
63,95
79,91
61,94
103,95
82,94
88,96
101,94
72,94
85,94
80,96
79,94
90,95
73,94
72,93
75,94
52,96
78,95
69,97
80,94
100,92
79,95
80,92
69,97
67,93
89,94
80,96
74,97
83,93
71,96
73,93
84,97
83,95
98,88
61,97
56,97
79,94
63,94
82,94
67,94
72,93
61,96
70,95
70,97
96,94
69,98
81,95
98,94
62,99
70,94
83,97
72,95
79,96
73,95
81,94
72,96
62,94
79,93
84,92
68,94
73,93
68,92
78,96
86,92
65,97
78,93
74,99
72,94
82,94
78,97
77,100
70,96
79,94
81,95
65,94
78,97
76,92
79,93
56,98
84,94
67,97
76,92
78,98
67,96
52,92
62,96
68,95
63,96
91,95
75,95
63,93
65,96
74,94
88,97
89,94
67,97
76,95
65,95
61,96
82,91
59,97
76,93
59,95
87,95
69,95
75,93
86,90
77,95
82,91
61,96
72,95
102,97
80,92
63,97
75,94
84,93
63,94
67,94
70,92
74,90
68,91
75,92
75,93
86,97
74,90
64,96
86,94
86,93
71,91
89,94
72,95
88,92
58,93
76,92
61,97
94,91
63,98
77,95
84,93
70,95
59,96
69,98
69,91
66,98
72,96
65,94
72,94
83,94
68,95
62,93
75,97
65,97
88,96
78,96
84,96
61,97
70,96
80,98
80,98
67,93
67,93
76,93
63,95
77,96
55,99
65,96
72,94
79,95
87,93
85,93
87,93
81,93
66,97
70,95
75,94
70,93
77,93
60,95
76,96
71,96
85,93
66,94
61,93
53,92
68,93
63,98
76,95
59,97
88,93
79,95
66,95
91,89
80,92
69,94
70,93
76,93
77,95
84,95
70,96
55,95
82,96
84,94
81,94
67,93
74,93
82,93
76,93
93,95
67,97
78,98
76,97
81,95
81,94
64,95
75,100
88,96
58,97
76,92
93,91
70,93
69,96
79,92
83,96
67,95
85,94
72,97
78,93
78,96
87,95
87,98
73,96
75,93
78,96
74,95
82,95
67,100
74,91
53,96
62,96
64,95
65,99
94,89
72,94
80,100
79,94
69,95
79,95
79,94
96,91
102,92
67,95
67,95
93,91
68,93
74,94
62,91
69,95
67,97
78,96
72,95
84,94
52,96
92,96
65,96
90,94
65,96
70,94
87,96
73,92
69,94
59,93
79,92
74,92
72,94
70,98
67,93
97,94
73,94
74,94
76,90
62,90
84,95
85,96
66,95
59,96
60,98
70,94
74,91
63,98
73,94
88,95
84,99
77,98
80,93
66,96
82,95
78,94
62,96
65,94
80,91
83,92
88,93
87,92
80,94
87,93
69,94
73,98
79,92
76,95
65,94
94,95
71,93
81,96
89,94
59,97
82,99
76,92
83,97
100,89
81,95
87,93
69,97
77,92
76,95
72,96
78,93
78,95
68,97
73,96
70,99
98,92
73,99
88,93
56,98
65,97
77,92
67,96
84,94
82,95
90,97
81,91
75,92
65,95
74,98
75,96
57,99
69,96
77,95
80,93
89,93
84,91
99,96
73,97
61,99
80,96
69,99
76,94
57,98
79,97
68,95
72,93
76,94
76,95
85,94
75,94
81,97
79,92
68,94
93,97
66,95
74,93
76,95
69,95
91,92
59,95
90,95
77,94
78,96
85,96
72,95
85,94
83,95
71,95
83,93
66,94
83,94
72,97
70,95
99,95
88,92
90,93
87,93
63,94
63,95
74,93
77,97
73,98
68,98
74,95
71,94
87,93
85,93
68,94
73,94
58,97
77,93
81,91
91,96
57,98
67,97
75,95
61,95
86,94
83,93
81,95
72,95
69,94
71,95
89,91
63,96
102,96
71,93
85,95
65,98
93,100
73,97
77,91
59,95
81,98
73,94
63,94
68,97
75,99
60,93
80,97
72,95
67,96
61,98
88,94
78,95
65,98
64,93
76,94
70,91
85,92
83,96
92,92
55,95
71,94
76,99
78,96
79,97
70,97
73,94
74,91
86,93
69,93
81,93
80,96
80,96
61,98
61,97
76,95
67,95
77,92
96,94
59,94
72,94
67,99
48,98
66,95
76,95
76,97
98,92
87,95
65,96
82,97
62,93
62,97
79,93
55,94
65,93
86,91
86,93
71,96
88,95
81,93
71,91
96,94
76,95
86,94
81,95
68,96
86,95
80,95
62,96
80,93
79,98
86,95
96,99
58,96
73,96
78,96
82,94
74,94
77,91
79,96
60,92
69,98
67,95
66,94
67,92
60,98
82,92
64,96
58,98
72,93
88,95
53,100
58,95
79,93
66,94
66,95
73,93
97,93
91,97
66,97
87,95
77,94
66,93
77,91
86,90
73,93
89,92
77,97
83,91
72,94
95,94
79,91
64,95
68,92
61,95
74,94
80,98
69,96
58,95
60,96
79,96
80,97
78,93
74,95
81,95
85,94
85,90
76,96
85,91
77,92
83,93
88,91
59,97
60,98
87,96
95,92
63,96
76,94
71,97
74,92
67,96
74,97
88,93
91,95
73,92
74,97
88,92
72,94
82,95
80,94
54,100
74,91
81,94
76,96
84,94
67,99
66,91
79,92
65,95
66,95
69,92
67,94
69,94
98,91
77,94
74,94
83,92
73,95
80,97
82,92
68,92
55,96
59,95
71,94
61,94
63,96
91,93
71,92
77,94
83,90
57,98
80,95
78,95
66,97
83,94
68,96
90,94
76,97
69,96
73,94
74,96
81,98
60,98
70,93
73,98
82,98
76,98
79,96
67,98
79,93
91,91
68,95
85,93
79,97
80,96
86,94
63,97
79,94
85,95
69,95
60,97
81,94
84,96
78,93
80,95
83,93
70,97
77,95
66,96
76,96
77,96
91,98
67,92
61,93
67,97
65,97
72,95
83,92
88,94
73,95
63,94
96,93
71,93
103,91
87,94
93,92
85,96
78,96
70,95
72,94
85,93
83,93
95,96
70,96
85,93
81,94
85,92
93,93
75,93
68,95
73,93
71,95
64,92
75,96
84,93
73,95
75,96
62,96
78,91
74,96
91,94
64,95
74,94
66,96
85,94
71,95
81,91
69,97
71,99
83,96
62,92
71,97
91,95
69,96
76,96
47,98
76,95
85,95
82,94
58,96
59,96
73,93
80,94
67,92
69,96
60,96
61,94
87,94
78,99
63,96
80,95
70,95
61,94
75,91
70,94
85,96
70,94
100,96
95,88
79,93
87,90
75,96
59,97
66,95
53,96
85,94
74,95
80,92
67,96
85,96
91,95
100,91
90,94
59,93
93,90
73,96
80,96
91,94
66,97
77,94
71,96
59,93
59,96
83,95
68,96
76,95
71,94
63,95
66,95
67,94
78,93
77,97
92,93
80,96
64,98
77,91
89,93
107,89
55,94
78,88
82,95
71,94
64,98
74,93
86,92
84,91
86,95
77,95
75,93
96,93
75,96
71,93
93,94
68,97
76,91
73,97
79,92
85,91
84,94
92,95
86,94
78,96
77,94
73,96
76,96
69,99
63,95
84,95
63,96
77,93
61,96
61,96
65,97
77,90
92,90
72,97
77,95
56,95
70,95
71,94
66,100
60,94
67,97
90,97
62,100
56,94
81,92
69,93
83,91
73,96
71,96
64,94
79,94
80,95
53,95
76,96
76,97
95,93
72,93
67,97
70,96
87,92
72,98
78,94
67,95
76,96
83,95
71,93
69,97
80,92
91,92
82,94
64,97
70,96
69,95
68,95
55,96
76,94
73,91
56,100
72,95
75,98
80,94
69,98
72,96
74,93
87,92
70,97
69,98
70,94
81,93
88,93
82,96
59,94
63,94
85,93
79,96
63,93
80,94
61,93
62,94
75,93
63,98
73,97
81,95
66,95
97,95
87,93
76,95
84,92
75,94
84,93
58,98
80,96
74,93
83,94
75,92
81,92
94,92
67,98
78,91
83,95
87,95
67,90
72,96
72,98
73,92
77,96
74,96
78,95
79,94
56,98
52,99
103,94
68,94
79,95
88,92
74,96
75,98
65,96
87,98
81,92
76,94
60,98
91,96
66,93
70,94
70,95
77,96
101,95
75,95
83,96
74,96
72,94
73,96
67,94
73,95
76,95
95,96
68,93
65,95
86,95
82,91
63,94
58,98
68,94
70,96
70,97
67,96
72,93
66,97
79,96
71,96
66,96
63,92
82,91
52,94
51,99
65,98
57,95
57,96
77,96
80,93
59,97
65,97
69,97
80,92
63,95
60,98
68,93
73,95
67,93
74,95
61,99
76,96
91,90
87,94
84,92
77,97
81,96
79,95
61,95
69,96
65,93
80,93
83,94
76,94
60,96
74,96
57,96
92,95
69,96
58,97
88,95
82,94
60,97
76,92
64,95
71,91
71,91
90,95
56,93
75,94
72,95
72,95
70,95
91,91
64,93
83,93
47,100
82,96
75,94
70,95
73,92
73,95
95,95
65,97
82,94
77,94
79,94
65,95
79,94
71,92
84,93
74,95
82,93
78,93
65,96
60,94
76,97
79,96
69,93
68,96
61,97
67,95
64,95
82,92
78,97
63,96
87,100
80,90
74,94
68,93
67,96
72,91
89,91
79,94
68,96
57,97
58,96
59,96
79,97
78,93
73,93
77,91
88,95
77,96
68,94
88,97
74,98
71,94
72,97
59,95
93,91
63,95
68,95
60,96
60,91
81,92
79,94
69,94
49,96
65,94
59,98
67,94
96,93
74,96
83,96
66,96
67,99
83,94
101,95
79,95
82,95
89,96
70,99
54,95
62,95
68,93
69,92
73,96
97,97
99,93
80,96
79,97
66,93
87,93
71,94
74,96
73,95
70,92
65,97
88,95
75,93
88,92
87,95
76,95
76,95
64,96
66,98
67,94
68,95
75,95
77,91
77,95
84,94
69,95
68,99
84,94
69,96
63,96
79,95
81,93
76,93
85,96
70,96
72,97
82,93
91,91
82,92
66,95
83,96
55,94
70,96
67,96
70,97
76,94
61,96
51,97
84,94
86,94
71,96
68,95
85,97
104,93
69,92
69,98
81,90
80,92
99,94
90,91
61,98
85,94
90,92
72,92
69,92
78,93
83,95
68,95
86,91
97,94
49,98
70,94
55,96
67,94
82,95
84,95
78,93
95,94
68,96
72,97
90,92
68,93
92,93
74,91
83,94
87,96
69,93
79,98
77,94
79,96
81,94
68,97
75,91
91,93
61,95
70,94
60,100
68,93
60,96
84,92
59,98
72,95
76,97
73,92
75,94
61,98
102,91
83,93
79,96
91,93
52,96
74,92
87,94
73,97
72,93
70,95
76,92
53,99
74,97
78,91
78,92
90,91
87,91
85,93
100,94
58,96
69,95
72,96
77,97
71,93
65,97
73,93
84,96
78,93
94,93
89,94
96,95
79,95
90,94
76,93
83,93
77,93
76,97
94,94
65,98
87,93
69,97
73,92
70,92
60,97
63,96
77,95
102,91
72,95
64,93
93,95
58,97
64,94
98,88
72,93
63,95
75,94
63,96
85,90
71,93
84,94
67,96
64,98
73,97
68,92
74,95
87,96
59,96
76,95
79,92
70,94
45,93
68,95
81,97
63,95
69,99
72,95
72,94
69,92
73,96
75,95
77,91
80,95
77,94
65,95
83,94
82,91
78,93
72,93
89,95
82,96
89,93
72,93
83,92
83,94
59,96
79,94
62,96
70,94
83,95
79,94
81,98
74,92
62,93
73,95
77,95
81,94
78,96
62,96
67,96
77,92
66,94
69,99
67,96
84,97
73,95
80,93
67,97
74,93
72,96
60,96
102,92
87,94
71,97
79,96
82,93
80,95
70,100
73,96
71,95
69,93
75,93
93,93
59,92
76,96
59,96
81,93
82,96
94,93
56,96
91,98
90,95
75,93
78,92
68,99
73,95
77,96
74,94
74,94
80,94
52,93
85,92
68,95
88,93
88,94
71,94
67,92
85,95
99,94
74,92
90,94
62,93
71,98
73,98
64,98
68,94
72,96
67,94
79,92
64,94
71,98
65,97
64,97
80,88
82,98
52,99
76,94
72,96
72,96
77,96
99,94
59,95
69,94
76,95
83,94
63,96
94,95
74,95
88,92
94,94
71,97
92,96
67,98
80,94
79,95
71,94
82,96
75,94
78,97
68,95
83,94
94,92
73,95
79,97
98,90
63,95
61,97
83,90
81,98
64,94
93,94
74,97
76,95
81,95
93,92
79,96
62,94
68,97
75,95
72,98
79,94
83,95
71,95
73,94
73,97
89,91
73,94
53,98
75,93
74,95
97,93
70,100
74,96
71,90
71,94
76,100
80,95
72,93
97,93
84,96
75,92
73,96
85,93
74,96
99,91
88,93
77,95
65,95
73,98
66,98
57,96
68,97
61,94
72,96
74,96
63,94
61,100
75,96
83,94
55,95
78,95
60,94
77,93
77,96
68,97
76,93
79,94
57,94
59,97
83,93
62,93
69,92
68,96
75,93
69,96
80,92
77,94
88,94
81,92
86,96
65,98
70,95
89,92
65,96
85,93
81,94
77,90
90,95
76,97
71,96
81,95
69,94
64,90
63,100
69,95
80,99
85,92
72,95
64,93
72,98
70,97
72,94
77,94
78,96
70,95
69,95
77,91
66,97
77,96
76,96
80,98
75,96
67,94
88,95
72,97
70,94
57,99
85,91
75,98
77,95
60,93
57,97
75,99
83,92
78,96
71,94
81,93
75,93
81,93
89,90
70,97
62,96
80,95
66,97
48,94
80,91
77,95
78,97
73,93
70,97
79,92
74,94
61,95
89,92
66,95
62,96
89,91
84,94
91,96
72,95
65,96
77,94
65,94
91,96
66,94
68,92
50,95
85,98
67,95
80,92
79,94
88,92
82,95
55,96
89,96
57,94
77,92
76,93
84,96
73,96
85,94
69,94
84,91
58,93
87,92
79,93
70,94
89,94
71,95
64,96
73,92
101,92
79,98
55,98
76,92
86,95
76,94
82,91
74,95
81,92
80,93
82,92
59,95
77,97
81,94
84,94
79,93
54,94
74,95
87,90
82,98
71,94
60,95
77,95
71,94
98,98
61,95
63,96
64,94
53,96
70,92
89,92
89,96
73,95
59,93
70,93
80,93
93,91
72,98
77,92
69,93
88,91
64,94
89,94
65,95
79,93
91,96
72,94
90,90
70,97
88,95
76,95
67,95
75,92
76,97
79,96
81,94
99,92
71,95
78,92
81,94
63,95
78,95
92,92
81,95
92,93
77,96
82,95
72,95
74,93
79,94
79,96
86,91
67,97
62,95
76,93
60,100
62,96
66,98
77,96
86,95
70,94
75,100
73,92
71,95
77,95
85,98
62,93
65,94
51,94
61,96
61,96
65,95
61,93
68,96
60,100
80,97
83,97
69,95
82,92
66,97
66,95
73,99
81,93
74,97
57,98
89,94
65,98
58,91
64,96
65,98
68,95
71,94
75,90
77,97
65,96
55,95
67,92
65,99
80,98
73,93
81,96
70,95
74,96
71,94
76,91
77,95
79,97
79,97
89,95
73,94
72,92
79,92
84,95
89,95
79,95
75,93
71,96
89,94
79,95
72,91
86,93
74,94
88,95
90,98
81,97
89,94
74,97
67,96
68,94
77,99
72,95
73,96
86,91
75,96
60,97
75,93
68,96
69,93
72,95
78,91
94,94
72,97
66,97
68,97
52,95
82,97
62,96
97,91
73,94
58,97
82,96
67,96
69,95
73,96
75,92
64,96
72,96
70,94
77,96
65,93
57,96
79,94
82,96
62,97
83,97
77,93
69,96
71,96
61,97
78,94
73,92
83,92
71,93
69,93
59,99
76,97
80,93
80,95
69,94
85,96
77,95
97,96
101,96
89,96
68,96
78,95
81,92
71,93
64,95
62,100
56,93
80,96
74,94
86,95
85,93
95,97
83,93
74,95
82,93
82,93
86,96
71,97
88,96
90,98
80,96
70,92
77,97
78,90
75,93
71,94
77,97
65,92
98,91
48,97
68,95
74,97
78,99
56,95
74,94
81,96
85,97
86,92
80,94
57,97
54,96
79,94
78,95
77,95
76,94
71,96
69,95
86,96
68,95
61,96
70,94
74,98
81,95
55,96
77,93
67,96
72,92
88,96
75,94
59,96
81,97
86,93
85,96
63,99
79,95
96,94
80,96
75,95
93,96
67,99
54,96
76,96
82,93
72,95
77,91
70,97
75,94
81,95
80,90
88,94
69,97
82,97
77,94
72,96
79,93
55,96
74,97
65,95
82,95
62,96
78,95
66,96
74,97
82,93
73,98
80,94
89,94
64,95
78,95
72,95
85,97
74,97
80,93
95,94
77,94
55,95
95,94
86,94
77,98
79,96
79,94
61,99
84,93
80,92
84,95
84,90
84,98
73,96
64,93
81,95
85,96
72,95
56,97
85,93
73,99
70,93
68,94
74,95
77,94
63,95
80,95
79,91
81,94
78,95
69,92
84,97
65,99
85,92
74,96
85,95
53,99
81,96
77,90
75,94
75,95
83,89
77,96
89,93
74,96
72,95
86,95
61,96
62,95
74,96
78,95
75,94
77,94
68,94
77,95
66,99
78,92
69,99
65,92
90,92
67,94
72,95
83,92
85,92
77,94
80,95
82,95
88,92
77,96
80,91
75,96
73,95
72,96
69,97
90,98
68,96
74,97
62,95
51,95
80,94
70,96
68,98
60,96
67,96
83,94
70,94
76,95
69,97
78,93
77,95
72,93
81,96
69,94
82,96
80,94
69,96
75,93
72,94
89,96
73,95
55,98
71,96
83,97
85,98
86,94
79,96
67,95
82,95
74,95
83,94
80,96
85,94
76,97
75,91
72,91
74,93
70,98
72,93
72,96
63,97
78,99
62,91
77,94
85,93
84,90
75,91
66,92
95,93
56,97
94,96
83,94
72,93
82,92
60,94
61,97
86,95
79,92
66,90
66,96
81,97
62,97
82,94
75,94
70,93
63,98
65,95
79,94
77,93
89,96
69,96
72,93
85,94
67,96
71,95
83,96
74,95
53,95
75,92
75,89
66,94
81,98
84,96
78,94
64,95
76,92
81,96
77,95
82,95
78,94
71,96
87,94
57,97
80,95
68,95
59,95
60,97
88,94
76,95
89,94
60,95
78,93
85,92
71,93
64,97
61,97
59,95
73,98
68,97
74,96
90,89
67,95
86,93
78,92
89,91
79,95
88,93
64,91
82,95
69,94
82,93
86,93
76,92
83,94
76,95
71,95
63,94
65,97
79,96
76,96
76,94
86,97
71,93
64,96
90,95
50,95
66,94
63,94
79,95
78,94
72,95
98,93
74,96
75,89
71,92
68,94
77,96
77,98
84,91
73,96
62,97
82,95
74,96
69,100
73,96
77,94
47,99
66,93
72,95
67,96
83,90
86,90
69,95
63,95
68,94
59,95
85,94
84,95
75,96
72,95
85,94
77,96
73,95
80,96
73,92
96,94
67,95
99,94
80,94
68,96
66,94
86,90
97,91
78,95
61,95
76,95
72,95
71,97
69,99
65,97
90,96
81,93
73,97
86,95
86,93
70,94
86,96
47,97
86,93
65,94
66,95
61,97
79,93
83,94
72,95
72,91
86,94
56,98
101,93
82,94
77,93
71,99
69,94
80,93
83,92
71,94
72,92
78,95
68,98
58,96
64,97
69,94
86,96
74,96
72,95
83,95
69,97
81,94
76,96
79,93
65,92
81,97
76,93
71,98
65,96
66,95
90,95
76,96
48,99
83,88
55,95
90,95
61,96
77,96
71,93
77,94
97,95
53,94
57,97
66,100
69,96
90,92
53,96
59,92
81,95
69,94
67,96
88,93
75,91
60,97
65,97
83,97
67,97
76,96
77,97
80,98
70,95
74,92
76,95
69,92
92,93
59,94
88,93
66,94
74,99
81,93
87,93
93,98
67,96
72,94
86,93
66,95
83,94
86,91
82,97
66,99
86,93
88,91
65,97
72,96
64,98
84,95
78,97
80,98
75,97
53,97
92,91
61,93
69,94
86,94
58,96
83,95
90,94
84,90
88,96
70,94
73,92
50,96
66,94
72,94
76,97
79,97
88,95
72,93
65,95
88,93
68,94
92,92
62,93
56,94
55,92
79,94
85,94
65,95
74,94
80,97
82,98
73,95
66,98
71,93
67,98
55,98
92,97
71,94
73,95
90,96
84,96
91,95
68,94
75,93
78,98
103,89
93,91
72,88
73,93
53,92
81,91
68,97
93,95
77,100
65,94
69,92
78,96
64,95
67,94
82,93
71,95
81,94
72,96
68,97
66,98
75,99
73,94
71,96
71,94
84,95
49,94
87,95
61,96
80,92
67,93
87,93
73,93
74,91
74,97
74,95
77,95
59,97
75,92
78,93
76,89
68,93
59,94
68,95
67,94
61,98
76,95
95,95
63,95
74,92
67,96
84,95
93,92
64,96
76,97
67,96
83,94
91,93
85,96
56,93
55,94
76,97
76,96
73,95
77,97
89,92
96,94
72,96
81,96
79,94
68,96
86,93
74,96
70,99
78,96
80,97
75,94
91,94
84,100
70,95
88,92
63,96
75,93
78,95
83,96
76,97
61,95
56,95
76,93
86,96
72,93
73,93
71,93
70,96
80,92
82,96
86,95
76,94
72,95
85,96
82,93
72,95
80,99
65,91
87,94
55,95
73,93
70,92
82,93
82,94
91,92
71,95
74,94
76,94
75,91
90,92
73,95
74,94
74,91
87,94
86,95
62,97
64,95
90,97
80,95
89,92
69,95
73,93
87,95
68,92
74,95
57,97
75,96
76,94
65,98
82,96
73,93
66,97
75,92
68,94
82,95
74,95
71,96
78,95
77,94
80,95
87,93
77,93
68,94
80,93
65,96
100,95
81,95
63,98
70,98
100,91
83,95
72,94
67,95
65,97
67,95
73,97
77,94
87,95
79,93
80,94
73,96
74,96
80,92
74,92
73,97
72,97
75,97
70,94
95,92
78,96
79,93
78,96
70,93
68,96
85,93
80,96
84,91
75,93
77,91
60,90
78,97
84,96
66,97
70,92
58,95
83,95
84,92
70,94
84,96
98,97
68,94
76,95
65,94
78,92
62,92
66,99
86,94
87,95
89,92
73,96
69,92
52,96
69,96
77,95
68,97
76,98
82,92
75,96
79,95
62,97
82,99
74,92
73,95
64,96
56,95
91,95
78,96
89,97
73,97
81,98
64,93
71,95
85,96
67,92
87,96
74,91
79,94
73,94
100,93
80,96
86,92
92,95
70,95
66,94
82,96
87,95
70,98
89,95
64,91
55,100
86,96
74,93
87,92
60,92
72,95
71,96
70,99
73,97
70,93
52,96
57,95
77,93
59,97
70,95
71,94
74,95
94,97
75,97
61,95
76,93
64,96
69,95
61,98
81,97
66,95
86,93
74,89
93,87
74,92
71,96
64,99
81,95
66,98
85,93
74,98
66,96
69,95
83,94
51,93
72,91
79,95
65,94
76,93
79,96
76,92
78,94
78,95
77,96
94,92
75,93
57,97
71,95
63,93
70,97
65,94
83,95
81,94
63,96
63,97
70,91
75,94
69,99
87,96
83,96
85,96
92,93
85,92
72,95
81,93
68,96
71,96
77,98
59,95
66,95
87,93
75,96
67,94
75,92
46,99
83,95
79,93
67,95
92,91
84,94
85,93
61,95
69,96
69,93
81,97
90,94
60,95
77,95
65,94
78,96
69,98
76,93
73,95
81,96
77,95
83,95
88,93
62,95
94,92
79,97
61,94
78,94
67,93
74,94
83,94
81,93
80,91
76,94
77,92
82,94
84,92
75,97
66,92
75,97
71,98
65,98
81,94
74,93
94,95
76,99
69,96
78,98
83,92
91,96
75,98
85,96
73,94
67,94
83,97
84,97
80,92
75,95
69,93
67,93
86,91
77,95
84,97
70,94
74,96
79,96
63,98
64,96
63,96
78,99
77,96
64,97
63,99
77,94
67,94
82,98
75,98
63,95
65,94
91,94
71,94
77,96
68,93
70,93
72,95
74,95
79,95
63,97
84,93
71,97
69,98
81,93
64,95
74,93
76,92
77,94
68,97
88,98
64,94
43,97
69,98
85,90
77,97
80,96
80,91
78,95
84,96
70,95
82,95
73,96
75,92
55,96
78,95
66,93
75,99
78,94
79,94
92,94
65,95
76,90
73,95
90,95
43,100
98,96
75,94
72,93
84,95
68,97
72,94
86,98
80,89
82,90
69,94
76,96
70,93
68,94
88,94
74,98
71,92
51,94
73,94
78,95
84,93
88,94
79,96
67,94
69,94
84,96
74,96
69,96
76,95
63,97
81,97
93,95
54,96
68,94
69,94
79,93
76,94
76,94
74,94
77,92
60,98
73,99
76,94
97,95
65,96
88,94
85,93
73,97
83,97
73,92
83,91
77,96
62,94
68,95
62,95
73,95
70,94
72,93
64,100
67,92
72,100
81,94
89,94
83,94
76,91
91,94
81,93
64,95
60,92
82,98
76,97
70,96
77,95
75,95
81,92
74,96
76,96
88,92
67,100
65,96
69,95
65,93
77,95
64,97
72,94
71,95
84,95
75,96
88,93
74,97
87,91
89,91
65,95
63,97
83,95
77,94
71,94
87,91
77,91
83,92
84,96
72,95
83,97
83,94
68,97
74,99
65,94
64,94
80,98
80,98
73,97
67,95
58,95
68,93
89,91
67,91
64,93
77,96
72,94
58,97
65,95
77,95
93,96
79,93
63,95
68,91
63,91
59,98
76,94
67,98
73,97
79,98
63,96
71,95
83,92
80,95
71,96
72,96
64,95
86,99
68,98
78,95
78,93
85,94
61,97
69,93
76,97
79,93
84,95
92,94
72,96
92,93
54,96
84,96
75,96
75,95
77,91
76,94
60,100
72,94
64,96
80,94
84,94
77,94
83,94
89,91
83,97
56,97
64,96
66,95
91,88
72,98
53,94
65,97
67,98
77,96
52,96
72,95
82,93
61,91
63,92
80,95
76,90
83,92
70,94
82,93
85,94
64,98
81,98
86,94
93,92
96,95
67,97
57,95
83,92
77,97
78,96
52,95
84,93
65,99
80,90
78,96
61,97
83,96
65,96
84,96
71,93
91,92
87,95
75,97
69,94
76,94
87,94
63,95
64,98
71,94
68,95
68,97
80,96
64,91
64,98
74,95
78,94
51,100
75,96
80,97
72,98
61,97
92,95
69,96
59,96
70,95
64,96
96,95
61,97
67,93
101,96
83,96
81,94
64,95
81,94
71,91
79,94
75,93
70,93
72,93
74,97
76,98
68,93
81,97
81,93
77,93
83,95
81,93
74,96
79,94
80,95
90,96
71,97
72,93
84,93
79,97
74,95
76,96
69,96
75,94
64,94
86,95
93,92
70,94
85,97
88,94
94,90
81,93
71,96
57,99
58,100
109,92
89,94
57,93
80,96
81,93
74,92
39,96
80,95
65,96
78,93
78,92
86,96
75,96
76,93
69,97
82,95
87,91
93,93
60,94
64,93
55,99
71,95
71,97
81,97
60,96
76,96
62,95
73,97
97,92
90,94
74,96
70,94
101,94
68,91
52,97
73,94
65,95
62,97
68,97
67,94
87,91
56,95
52,96
78,95
72,96
92,96
76,95
75,95
98,91
62,94
70,93
55,96
68,95
64,95
75,97
59,94
71,95
81,95
82,97
62,95
101,90
69,94
75,95
66,90
65,93
64,96
69,94
57,96
77,92
64,97
73,94
60,94
94,93
69,100
61,92
83,94
60,98
74,92
75,92
73,94
90,93
72,92
79,95
72,95
86,91
81,95
66,95
84,93
85,93
70,92
76,96
86,94
76,97
89,98
71,93
69,98
72,94
86,93
68,96
91,94
73,95
102,93
77,97
65,98
87,94
81,94
66,94
88,95
63,92
75,96
73,93
96,92
68,97
68,96
79,98
82,91
83,94
58,97
66,95
79,92
63,95
64,96
83,92
63,92
56,92
65,94
61,95
85,94
97,90
73,97
82,95
76,97
90,91
82,92
79,92
68,94
67,94
76,95
70,95
63,95
78,91
64,94
71,97
90,90
73,92
69,94
95,97
59,92
67,96
73,94
85,96
76,93
79,93
82,96
86,96
68,93
89,94
88,92
105,94
91,95
71,95
63,94
81,94
72,92
78,94
77,95
91,92
65,94
81,94
81,99
81,94
87,93
66,98
67,92
81,95
70,97
51,93
90,94
73,94
69,97
80,92
83,95
80,93
73,92
91,94
80,94
75,92
80,91
84,92
91,95
74,95
72,94
64,95
72,93
71,96
75,93
71,97
70,95
71,95
85,93
74,97
72,95
79,93
69,94
63,99
82,94
87,96
76,94
64,97
74,97
86,93
85,94
88,93
95,96
74,96
76,96
76,94
73,94
80,92
92,95
74,94
66,95
86,92
86,93
59,96
75,97
61,100
60,92
91,93
84,93
64,98
89,97
80,92
68,93
75,94
57,93
91,88
70,92
85,91
77,95
78,93
70,96
90,94
69,94
86,95
78,93
80,93
81,93
71,95
67,94
79,96
85,97
60,95
94,95
86,92
70,93
82,97
76,93
62,99
88,95
79,96
78,98
86,96
82,94
72,95
96,98
74,95
85,93
67,95
63,96
70,93
87,91
80,94
91,91
88,92
75,96
78,93
79,95
85,94
82,97
83,96
89,93
94,95
73,96
71,96
79,94
94,95
83,92
69,95
74,97
85,93
75,95
64,94
82,95
74,93
70,95
89,93
60,98
91,96
101,91
81,98
75,97
70,95
62,95
87,96
81,93
87,91
72,94
68,92
67,93
87,94
73,98
72,93
75,96
84,99
89,90
66,94
79,94
70,90
71,94
88,96
80,94
77,96
93,95
80,96
81,92
70,92
66,93
64,93
92,93
62,97
74,98
77,93
68,96
74,98
80,93
75,94
80,96
77,97
76,97
61,97
63,92
83,94
70,98
88,94
84,91
61,100
72,94
65,99
83,98
73,93
91,95
60,95
80,95
63,97
84,92
75,96
76,95
60,94
77,95
74,97
67,94
92,95
54,95
80,93
72,92
64,96
69,91
94,94
80,96
60,93
56,98
55,94
68,93
77,96
59,98
74,95
94,91
76,90
72,92
79,93
69,98
76,96
78,95
67,97
75,97
70,92
79,97
88,89
89,93
82,98
78,96
82,94
52,96
94,93
71,95
73,96
81,94
78,93
77,94
73,91
61,97
67,98
78,99
78,94
61,98
79,97
77,94
64,98
43,94
84,97
76,92
91,94
91,91
78,93
76,94
79,91
61,96
69,96
84,98
78,96
78,95
83,94
77,99
73,100
82,95
67,93
69,91
78,96
80,94
58,99
76,92
72,96
74,94
90,91
76,95
92,92
83,92
85,98
90,90
69,100
64,96
82,93
76,94
99,93
76,96
84,96
71,98
84,97
67,93
84,93
72,94
72,97
93,93
70,95
88,92
86,98
95,95
74,93
79,95
81,95
70,97
74,95
81,96
72,96
74,95
75,94
76,95
82,88
59,95
50,96
86,95
71,98
66,96
83,93
71,96
73,93
77,95
74,97
73,92
73,96
76,95
55,97
90,93
62,97
60,96
74,96
75,93
63,95
79,91
72,93
86,90
90,97
64,95
76,98
65,96
59,97
86,94
72,97
62,99
80,91
78,95
75,93
75,95
58,96
76,92
71,97
83,97
68,96
77,95
65,96
73,97
56,95
76,97
72,96
68,94
80,94
77,97
79,91
58,94
68,94
64,97
75,95
93,93
83,94
74,93
65,98
68,93
70,96
80,98
83,96
74,97
56,95
66,93
73,94
82,96
57,95
100,94
89,90
77,94
54,96
71,95
67,93
76,96
75,96
83,93
51,98
80,95
79,98
55,98
74,94
74,92
88,95
64,93
62,100
58,96
93,94
90,94
71,91
54,96
64,93
81,93
67,97
79,93
63,96
80,96
53,96
68,93
68,96
86,96
68,97
70,95
68,95
89,92
55,97
84,96
66,93
65,96
80,95
93,97
75,100
90,92
95,92
73,95
58,97
84,93
71,95
82,92
86,94
82,98
66,95
70,94
74,92
72,96
85,91
84,95
101,94
84,93
64,98
66,98
61,94
68,95
71,95
78,99
71,94
83,93
73,94
75,94
72,94
80,95
64,96
78,92
88,91
77,95
88,95
61,97
71,93
69,95
72,92
68,97
95,93
77,92
70,96
63,98
68,91
75,94
76,91
105,93
73,96
78,93
68,93
60,94
84,97
76,95
87,97
79,98
55,98
86,93
67,94
69,97
66,97
85,92
81,95
60,97
72,96
90,94
74,96
86,91
64,96
50,95
38,97
82,92
76,94
71,97
74,96
75,91
95,97
75,98
83,96
66,100
89,95
55,98
86,91
60,98
62,95
84,97
73,93
60,100
69,94
89,96
86,91
59,99
67,94
72,95
74,100
74,96
81,92
87,95
63,96
73,92
93,92
80,96
73,94
63,94
60,94
70,93
71,93
77,93
89,94
68,93
56,98
67,96
72,91
67,95
78,97
77,94
87,89
61,99
82,97
77,94
84,94
59,93
80,91
74,97
67,96
80,92
62,97
70,97
82,96
75,95
75,96
101,95
70,98
68,93
79,95
70,94
92,93
60,93
64,95
81,96
84,92
82,99
84,95
88,93
62,100
70,94
73,99
74,95
66,95
64,97
69,96
50,96
68,95
72,94
83,94
76,96
89,91
61,93
80,92
63,97
85,91
76,94
71,95
81,94
69,95
93,91
75,95
76,91
76,92
78,95
75,97
69,97
57,96
74,92
77,94
83,93
71,94
70,92
82,92
77,96
69,94
87,92
74,93
88,97
93,92
64,96
91,95
54,100
75,95
82,96
82,94
72,97
87,94
69,99
77,96
56,99
90,92
72,96
81,95
91,93
85,93
67,93
76,94
90,93
80,97
77,94
70,94
66,97
78,96
91,93
69,94
79,94
72,93
67,95
68,94
63,97
93,94
76,98
81,95
78,95
90,93
96,93
83,96
90,95
70,96
79,94
77,93
66,98
57,95
79,93
77,97
86,96
68,94
69,96
76,94
91,93
52,96
70,95
68,98
75,97
94,96
73,94
69,93
83,96
71,95
72,94
67,98
69,93
69,93
64,91
80,96
73,94
65,100
73,95
77,93
68,94
74,95
64,96
90,94
66,97
93,94
69,93
86,94
62,92
80,92
66,93
89,91
86,93
57,95
70,95
60,95
66,95
71,98
79,93
68,99
70,96
80,94
69,96
75,93
82,92
83,96
71,93
93,94
69,94
59,96
65,96
75,93
72,95
61,97
70,95
60,93
80,96
80,96
82,91
91,91
72,92
67,99
84,93
101,94
82,92
61,96
88,96
75,94
82,96
74,95
47,98
95,97
78,99
76,88
70,95
66,94
72,93
75,94
59,98
81,94
72,93
87,95
80,93
95,91
69,95
62,93
82,95
78,92
72,96
85,97
74,96
89,96
83,95
80,93
96,90
78,97
77,94
75,91
62,95
81,92
83,93
76,95
71,97
78,93
73,96
82,93
76,94
79,94
78,94
76,96
65,98
55,97
76,96
72,94
76,93
82,92
75,96
74,92
73,95
56,97
76,94
67,96
82,95
75,95
82,95
91,95
59,95
73,93
60,94
79,90
64,97
73,100
80,94
55,97
86,93
69,93
61,92
65,95
91,91
77,95
83,100
66,95
82,96
58,94
75,94
73,95
73,98
71,94
68,99
80,93
71,97
90,95
69,93
101,95
69,94
75,95
67,96
69,98
82,94
66,99
75,92
67,91
88,92
80,93
71,96
85,91
68,96
78,95
77,98
67,97
75,95
81,100
66,95
67,95
107,93
70,97
83,94
87,96
92,95
74,96
56,94
65,95
56,94
85,94
74,99
85,97
82,94
72,95
76,95
73,97
67,94
78,94
76,97
80,95
77,94
75,95
82,98
82,96
63,97
61,96
88,94
76,95
70,93
60,99
64,95
85,92
71,95
84,97
81,95
73,98
78,97
90,94
80,94
102,94
83,93
70,94
75,93
60,94
53,98
78,95
60,97
80,96
66,99
72,97
78,90
86,95
75,96
82,95
72,96
82,92
79,90
66,94
98,94
57,97
58,98
66,95
75,95
98,91
73,95
81,93
70,95
79,94
77,92
84,95
82,95
61,98
69,97
67,94
86,93
66,93
69,94
107,90
81,93
87,94
90,92
77,96
81,89
57,92
80,97
70,93
76,98
84,96
67,94
97,96
80,98
67,98
86,93
65,97
74,96
69,95
90,89
74,92
84,95
81,94
80,95
88,96
72,95
92,99
75,95
52,96
85,94
79,96
78,96
72,93
81,94
88,92
94,95
65,96
82,92
81,93
64,97
74,93
87,96
75,93
68,94
66,94
78,95
77,93
83,96
80,96
75,94
68,92
59,95
74,96
83,93
71,96
84,93
72,95
81,91
53,94
68,95
74,95
72,97
83,97
72,99
75,97
82,98
87,92
75,96
73,96
93,94
70,93
74,97
64,97
92,95
75,95
57,98
73,94
78,94
71,98
74,96
81,96
74,95
81,98
55,98
92,96
74,96
79,95
64,95
72,92
70,93
83,95
70,98
72,96
73,96
87,90
61,92
73,90
70,94
77,93
62,95
65,96
89,95
93,94
85,93
85,91
70,96
66,93
73,93
77,94
73,97
80,99
76,94
84,91
82,94
78,96
93,92
85,97
88,94
87,93
73,96
92,92
68,94
75,95
65,100
71,93
79,97
77,93
100,96
90,93
70,97
51,96
76,94
64,96
69,98
73,98
69,95
73,93
80,96
80,94
85,94
87,95
81,94
86,95
68,97
73,92
83,98
74,98
88,95
72,96
91,94
81,97
83,92
74,99
66,95
88,95
108,94
72,97
89,93
63,97
64,98
73,95
78,94
70,97
93,93
63,96
83,94
82,93
91,91
92,94
66,98
75,94
69,95
75,96
73,97
69,95
85,93
67,96
73,91
68,93
64,97
72,94
81,91
71,96
68,98
78,97
77,95
89,95
75,93
79,91
70,93
84,94
75,95
66,95
89,93
69,94
64,92
77,100
78,95
35,97
84,98
81,95
74,97
85,95
91,94
68,97
73,96
71,94
71,94
60,95
57,96
87,99
80,96
73,97
55,95
81,94
69,97
80,94
65,93
82,93
56,97
64,95
79,96
89,92
73,96
64,97
74,96
79,95
78,96
63,96
63,92
64,95
64,98
79,94
83,94
78,96
74,91
84,92
67,94
55,94
82,97
59,94
80,95
74,94
77,95
79,94
77,95
70,96
75,95
78,95
51,96
67,89
81,95
79,93
72,93
82,94
84,94
89,94
78,93
69,94
82,92
73,92
88,93
73,95
46,98
83,95
72,93
69,95
84,93
63,97
62,95
67,97
80,99
69,92
57,96
78,95
76,92
78,96
82,95
81,95
78,92
78,97
83,93
73,98
79,93
70,92
73,92
57,98
67,97
75,95
70,93
55,95
73,95
91,95
69,93
75,96
69,97
66,95
87,95
68,97
63,95
63,95
77,95
77,92
77,93
71,94
84,92
90,95
65,96
53,96
69,95
75,92
74,97
86,93
79,93
78,99
71,94
68,93
64,98
71,94
62,98
83,95
74,93
77,93
66,94
81,94
75,93
55,97
78,94
63,98
71,98
89,95
84,95
76,95
85,94
71,95
77,96
72,96
71,97
66,96
53,91
85,92
87,96
78,95
67,97
67,98
69,92
77,93
76,97
65,97
77,94
73,97
75,94
103,91
66,94
84,94
67,98
62,95
95,96
81,95
87,93
65,94
83,94
80,94
78,98
90,92
71,95
86,94
68,97
76,94
66,98
90,94
65,95
82,93
72,94
72,95
77,95
84,93
95,92
69,97
74,93
81,94
79,97
73,92
82,95
63,97
87,97
70,94
71,94
84,97
82,95
71,93
90,92
87,95
84,96
77,94
89,94
69,92
79,97
61,99
82,95
76,97
74,99
70,91
60,98
70,93
72,96
74,96
63,94
76,99
75,94
87,93
80,96
63,98
52,95
104,93
68,95
85,93
67,96
89,95
87,93
63,95
73,96
78,95
82,91
71,97
86,94
79,95
56,95
70,97
67,97
63,91
79,95
74,98
55,95
81,94
71,94
67,97
79,95
52,96
82,99
78,93
75,93
66,95
78,93
76,94
67,97
77,94
69,95
68,97
83,93
58,96
75,94
71,98
75,94
68,97
57,99
76,94
75,92
72,95
68,94
82,95
74,99
67,95
73,96
66,95
89,94
77,93
93,96
65,95
71,97
79,97
71,97
76,94
72,97
56,97
61,99
88,95
77,96
87,96
60,95
76,91
74,95
51,96
70,96
79,94
76,96
56,96
80,93
63,96
70,94
76,94
56,96
61,95
68,97
61,95
81,93
84,92
68,95
76,93
66,93
83,97
68,96
59,99
66,96
82,95
80,94
74,95
83,95
64,98
73,95
73,95
75,99
69,94
65,99
85,95
95,96
82,94
80,97
75,96
80,97
77,94
54,95
78,96
70,94
93,96
72,96
74,93
75,93
84,94
66,95
73,92
56,92
73,94
67,97
85,94
84,95
81,95
74,95
64,97
74,96
83,95
74,96
61,100
77,92
81,93
93,96
93,90
63,96
57,97
71,98
64,97
66,97
68,95
74,96
86,94
76,97
97,94
68,96
73,96
57,94
78,94
75,96
80,96
80,92
74,96
69,94
75,99
61,96
69,96
77,93
82,99
76,97
65,96
65,95
58,97
82,93
95,96
62,100
80,93
63,97
77,93
60,95
95,94
75,98
84,96
75,95
81,96
82,95
66,98
81,94
89,93
72,97
82,97
68,94
76,90
80,92
84,93
78,95
71,94
87,93
86,93
79,95
85,94
68,95
90,93
93,94
78,94
80,92
83,92
66,95
77,97
89,95
70,96
75,94
77,91
81,91
77,93
67,97
92,94
64,96
78,95
79,96
92,89
68,93
55,95
69,97
78,93
77,93
44,98
78,93
76,94
93,96
72,95
76,93
81,94
63,96
79,95
85,92
69,95
83,95
59,97
76,95
80,94
82,94
75,92
83,94
91,95
65,98
59,96
67,94
54,95
75,96
74,97
59,95
76,95
79,98
79,94
64,94
73,95
73,95
74,96
80,94
86,96
63,99
67,94
59,92
93,90
78,96
90,93
63,99
78,92
77,93
63,94
82,95
73,92
93,93
97,97
79,97
81,93
59,96
78,95
75,92
82,95
77,96
61,100
68,95
78,98
83,94
93,91
69,96
73,96
68,95
67,97
90,98
78,95
73,99
75,94
82,95
90,93
80,94
54,96
74,98
68,94
70,96
84,93
70,96
64,94
78,93
85,93
80,93
62,93
77,95
78,98
76,93
57,94
71,95
64,99
84,95
73,97
89,90
68,98
68,97
91,97
74,93
89,94
60,96
65,96
84,94
84,95
77,92
70,97
78,93
68,93
61,95
78,93
84,94
79,93
71,98
69,98
59,94
65,96
64,96
66,95
59,97
78,93
79,98
77,92
62,94
86,94
97,94
71,94
69,92
64,91
93,96
91,93
76,92
71,97
86,96
76,97
99,93
73,96
71,95
71,94
85,97
67,95
93,93
86,92
80,96
85,96
78,95
80,95
92,95
80,96
75,95
76,94
65,95
79,95
72,99
82,96
58,94
74,96
59,96
83,96
68,92
81,92
75,95
80,97
75,91
81,95
86,92
69,96
93,96
93,95
96,95
79,97
80,96
77,96
71,93
81,92
69,93
70,93
67,94
62,97
48,96
77,92
79,93
83,92
78,95
65,92
79,95
63,93
75,97
68,96
82,96
85,93
77,92
100,94
67,95
72,94
81,93
55,98
75,93
82,97
77,94
73,93
86,97
77,93
65,97
89,90
73,99
77,96
52,98
89,96
58,96
55,95
63,97
85,93
78,93
61,92
80,94
82,95
74,97
87,91
82,91
75,94
57,95
72,93
67,98
76,95
68,97
80,94
78,90
92,97
74,93
64,98
52,98
79,95
66,98
61,96
58,98
81,98
59,94
80,93
70,95
61,99
60,96
88,96
67,93
77,93
88,93
66,93
64,98
67,96
96,92
90,95
63,94
61,95
70,95
70,94
76,93
73,99
68,96
61,98
49,98
78,95
72,93
78,96
70,97
91,94
70,92
102,94
93,97
63,94
83,94
56,98
67,97
62,95
71,93
80,96
66,91
67,94
88,90
64,99
77,94
71,93
73,95
81,97
66,96
68,95
70,94
91,93
70,93
72,90
96,94
95,96
62,94
62,94
85,92
63,95
102,93
58,97
72,95
72,97
81,95
70,96
77,92
82,92
94,94
82,96
78,97
77,93
80,97
71,96
69,95
81,94
79,96
75,92
74,94
73,94
70,96
86,97
68,96
80,94
66,97
68,95
89,94
64,97
65,94
81,97
67,92
94,98
81,95
71,95
60,95
74,97
76,94
68,96
74,96
58,94
87,94
64,96
54,97
70,96
57,96
73,93
75,95
50,95
67,100
58,95
83,93
80,93
77,96
81,95
85,94
82,95
85,94
72,95
94,97
61,94
80,98
94,97
57,95
76,92
68,97
80,92
82,92
89,96
86,96
91,94
90,91
86,93
81,96
74,92
66,94
73,94
83,96
68,93
75,98
67,94
72,94
71,97
74,96
70,90
79,94
82,94
79,96
79,92
80,94
65,95
55,97
71,91
59,97
80,98
65,92
79,94
73,94
65,91
67,93
67,97
76,97
66,94
72,93
76,97
62,95
85,91
71,95
66,94
57,97
90,90
68,100
75,94
68,95
78,96
61,98
75,95
78,95
72,94
71,94
72,96
81,95
83,95
71,92
88,95
60,94
71,93
54,94
74,98
84,94
60,94
77,94
84,92
70,100
67,94
71,97
78,95
79,96
89,93
86,95
77,94
68,93
91,96
72,96
81,96
65,96
75,95
76,95
78,91
66,94
75,96
56,98
81,94
69,96
86,94
65,98
59,98
65,95
70,96
88,90
74,92
79,96
89,95
78,95
75,93
86,94
76,93
71,97
64,95
101,89
70,93
73,93
73,94
92,98
76,94
83,92
76,94
68,96
83,90
83,94
77,96
66,93
70,95
87,94
58,94
98,91
59,96
65,95
80,93
71,94
94,92
63,98
69,93
79,97
52,95
81,94
80,92
77,100
73,94
68,96
75,95
62,98
75,95
68,92
92,92
85,91
68,97
71,90
65,96
74,93
76,94
82,96
88,94
75,96
59,97
60,94
64,95
83,93
77,96
73,95
58,99
66,93
76,95
77,97
92,94
72,96
73,96
74,97
93,96
75,92
79,95
73,94
64,96
59,96
88,94
62,96
78,87
58,97
72,93
85,93
83,93
82,94
65,96
64,96
72,92
60,98
63,96
74,98
74,92
81,94
91,90
75,95
80,96
68,95
92,93
72,98
65,93
63,93
72,94
65,96
82,95
65,96
64,94
73,96
83,97
77,94
95,96
71,95
78,97
60,99
80,93
93,91
75,94
80,95
77,98
79,92
65,94
54,93
72,98
85,94
69,98
61,97
59,98
57,97
77,97
71,96
80,97
64,92
81,99
77,97
88,95
55,96
68,95
89,94
70,97
73,96
74,96
68,94
65,95
79,93
78,95
81,96
87,93
75,96
63,98
86,96
55,95
67,97
93,95
82,95
73,97
75,94
64,98
79,100
81,94
64,92
94,95
59,98
84,91
66,98
93,93
89,93
82,96
78,96
89,96
68,94
72,96
109,89
65,98
61,96
90,93
65,99
98,93
81,100
81,97
66,92
89,93
84,91
76,97
75,96
94,96
84,93
76,96
89,93
77,95
57,94
61,100
67,97
78,93
79,98
74,97
78,96
65,97
68,97
78,98
76,96
61,98
60,100
76,96
71,98
63,93
89,95
68,94
65,94
80,97
69,98
91,95
65,96
74,94
91,94
65,93
86,93
48,94
108,91
79,100
82,91
76,95
96,92
78,97
80,91
94,88
76,92
76,95
74,95
86,94
82,95
71,98
80,93
61,96
88,94
74,96
71,98
63,96
82,92
75,94
85,92
80,93
69,95
74,95
74,97
73,98
70,93
81,93
63,96
82,95
69,97
88,94
91,93
78,94
56,96
86,95
76,96
80,95
71,94
77,92
69,96
79,93
49,98
60,93
72,93
104,93
69,95
80,94
80,95
79,94
88,91
67,89
49,98
89,91
60,100
73,98
64,94
66,96
86,95
75,99
77,93
69,90
69,93
63,96
87,93
90,93
59,94
87,90
85,96
60,94
69,98
56,97
98,97
81,98
99,91
78,92
82,95
82,97
68,91
77,92
77,100
75,94
58,97
62,94
68,96
77,97
64,96
78,93
67,97
78,93
77,96
66,96
49,95
73,94
87,99
78,93
62,98
84,92
87,95
72,93
87,95
64,95
85,95
76,96
76,93
78,97
83,95
70,97
65,96
78,94
68,99
76,93
90,98
71,93
93,91
72,93
99,94
90,96
55,94
61,96
74,91
67,91
76,97
75,96
79,95
84,92
76,96
64,96
76,96
69,95
70,94
56,98
76,95
63,96
47,96
73,94
95,91
62,98
73,94
91,94
77,96
77,94
89,94
79,95
70,95
85,90
83,96
68,95
86,96
78,94
76,96
79,95
88,96
73,93
81,96
66,99
96,94
84,94
84,95
76,98
79,91
68,92
79,98
94,94
76,93
88,95
71,95
90,91
69,98
81,95
82,95
74,95
67,98
86,93
83,95
